{
    "hits": {
        "name_snp": "CVCL_0002",
        "identity": 0.87125790735125,
        "lkg": {
            "level": "Root",
            "lkg": [
                "CVCL_0002",
                "CVCL_2162"
            ]
        },
        "lkg_topology": [
            {
                "name": "HumanCellLines",
                "children": [
                    "CVCL_0002"
                ]
            },
            {
                "name": "CVCL_0002",
                "children": [
                    "CVCL_2162"
                ]
            },
            {
                "name": "CVCL_2162",
                "children": []
            }
        ],
        "name_sfu": "CVCL_0002",
        "correlation": 0.5943176977702664,
        "pvalue": 1.0476376829372125e-30
    },
    "similarity": {
        "this": "QUERY",
        "this_seqstr": "NN|NN|NN|GG|NN|AC|CT|GG|NN|NN|NN|NN|NN|NN|TT|AA|NN|NN|CT|NN|TT|NN|NN|TT|NN|CT|NN|CT|NN|NN|NN|GG|AA|TT|AA|NN|NN|CC|NN|CC|NN|CC|GG|CC|AA|NN|GG|AG|NN|CT|CC|AG|CC|NN|NN|NN|TT|NN|NN|NN|NN|CC|NN|NN|AA|CT|AA|NN|NN|NN|CT|NN|NN|NN|AA|NN|NN|CC|AA|NN|NN|NN|CT|NN|NN|TT|NN|NN|TT|NN|CC|GG|NN|NN|NN|AG|CT|GG|CT|AA|NN|TT|TT|NN|CC|NN|NN|NN|NN|NN|CC|NN|AG|CC|CC|NN|NN|NN|NN|NN|NN|GG|NN|AA|NN|NN|GG|NN|NN|NN|CT|NN|TT|NN|NN|NN|CT|NN|CT|NN|AG|AA|NN|TT|CT|NN|NN|AG|AA|TT|CT|NN|NN|GG|NN|AC|CC|CT|NN|NN|CC|AG|NN|CC|NN|NN|NN|NN|CT|NN|TT|NN|CC|NN|NN|NN|NN|NN|CT|NN|AA|AG|NN|NN|CC|CT|AA|NN|GG|NN|CT|NN|NN|GG|CC|NN|NN|NN|NN|NN|CT|NN|AC|CC|NN|NN|NN|NN|NN|NN|AA|NN|AG|NN|CC|AA|NN|NN|TT|NN|NN|NN|TT|NN|NN|NN|NN|NN|GT|GG|NN|NN|NN|GT|NN|NN|NN|NN|NN|NN|AC|NN|TT|AG|GG|CT|NN|AA|NN|NN|AA|GG|NN|NN|NN|NN|NN|NN|AA|NN|CC|GG|TT|NN|AG|CT|AA|GG|NN|NN|NN|GG|NN|NN|NN|NN|CC|NN|NN|NN|AA|NN|NN|NN|NN|CC|AA|NN|TT|NN|AC|TT|NN|AA|NN|CC|NN|CT|AC|NN|NN|NN|TT|NN|NN|NN|NN|NN|NN|NN|CT|NN|NN|NN|NN|NN|TT|CT|NN|AG|NN|NN|NN|AA|NN|AA|AG|NN|AA|AA|GG|NN|NN|NN|NN|CT|NN|NN|TT|NN|NN|NN|NN|NN|CT|NN|NN|NN|NN|NN|NN|NN|NN|AA|NN|AG|AG|GG|NN|NN|NN|NN|NN|NN|AG|CT|CT|NN|TT|NN|NN|NN|NN|NN|AG|AG|NN|NN|AC|NN|GT|CC|GG|TT|CC|NN|CC|AG|NN|NN|AG|NN|NN|NN|NN|GG|TT|NN|AG|NN|CT|GG|NN|GG|NN|NN|NN|NN|CC|NN|NN|AA|AG|NN|AA|AG|NN|GG|NN|CT|NN|CC|NN|GG|NN|NN|NN|TT|NN|GG|NN|AG|NN|NN|CT|TT",
        "similar": [
            {
                "cvclid": "CVCL_0002",
                "similarity": 0.87125790735125,
                "seqstr": "AG|GG|AA|GA|AA|CA|CT|GG|AG|GG|AA|AA|AA|AG|TT|AG|AA|TT|TC|CC|TT|TT|CC|TT|TC|TC|CC|CT|GG|TT|CC|GG|AA|TT|AG|TT|AA|CC|AG|CC|CC|CC|GG|CC|AA|AA|GG|GA|AA|CT|CC|GA|CC|TC|CC|CT|TT|GG|TC|AG|GG|CC|TT|GA|AA|CT|GA|TC|GG|GG|TC|GG|GG|AG|AC|TC|TG|CC|GG|AA|GG|AG|TC|GG|AG|TT|GG|CT|CT|CT|CC|AA|CT|AA|GA|AG|CT|GG|TC|AA|GA|TT|TG|AG|CC|AG|CC|AG|TT|GA|CC|TC|AG|CC|TT|GA|AA|GG|GA|CC|TC|GG|CT|GG|CT|CC|GG|CC|AA|TT|CT|GA|TT|CC|AG|CT|TC|GG|TC|TT|GA|AA|TG|TT|CT|AA|GA|GA|AA|TT|CT|GA|GG|GG|AA|AC|CC|CT|TC|TT|CC|GA|AA|TC|CT|GG|AG|GG|CT|AG|TC|GG|CC|GA|CT|GG|AA|CT|TC|CC|AA|GA|CC|GT|CC|CT|AA|AG|GG|GA|CT|GA|AG|GG|CC|AA|AA|AA|TT|AG|TC|AG|CA|CC|AG|CC|GG|CC|GG|CA|AA|GA|GA|GG|CC|AG|CT|GG|TT|GG|AA|TC|CC|GA|TG|TT|TT|TT|GT|GA|TC|TC|CC|TG|AA|CC|CC|CT|TC|AG|AC|CC|TT|GA|GA|CT|AG|AA|CT|GG|AA|GG|AG|TT|GG|CC|GG|CT|AG|TC|CC|GG|TT|CC|AG|TC|AA|GG|TC|AA|AG|GG|TT|TC|AA|AA|CC|CT|TC|TC|AA|CC|AA|TT|TC|TC|AA|TC|TT|GG|CA|TT|TC|CA|CC|CC|CC|CT|AC|AA|GG|AG|TT|TG|GA|AA|AA|CC|AA|CC|TC|AA|AG|AG|TT|GG|TT|TC|CC|AG|GG|CT|TT|AA|TC|AA|GA|TC|AA|AA|GG|CT|AA|GA|GG|CT|CC|CA|TT|AA|CC|CC|TT|TT|CC|AA|CC|TC|AA|GT|TC|GA|AG|AA|AG|GA|GA|GG|CC|AA|GA|CC|TT|TC|AG|CT|TC|AA|TC|GG|CC|CC|CC|CC|AG|AG|TT|CC|AC|TT|GT|CC|GG|CT|CC|GA|CC|GA|TC|GG|AG|CA|TC|TT|GA|GG|TT|TG|AG|AA|TC|GG|AG|GG|TT|TC|GA|GT|CC|TC|GA|AA|GA|TC|AA|GA|TT|GG|TG|CT|GA|TT|CC|GG|CT|GG|CA|TC|GG|GG|CC|AG|CC|AA|CT|TT",
                "seqstr_related": "4|4|4|2|4|3|3|3|4|4|4|4|4|4|3|2|4|4|3|4|3|4|4|3|4|3|4|3|4|4|4|3|3|3|2|4|4|3|4|3|4|3|3|3|3|4|3|3|4|3|3|3|3|4|4|4|3|4|4|4|4|3|4|4|3|3|2|4|4|4|3|4|4|4|2|4|4|3|0|4|4|4|3|4|4|3|4|4|2|4|3|0|4|4|4|3|3|3|3|3|4|3|2|4|3|4|4|4|4|4|3|4|3|3|0|4|4|4|4|4|4|3|4|0|4|4|3|4|4|4|3|4|3|4|4|4|3|4|3|4|3|3|4|3|3|4|4|3|3|3|3|4|4|3|4|3|3|3|4|4|3|3|4|2|4|4|4|4|3|4|2|4|3|4|4|4|4|4|3|4|3|3|4|4|3|3|3|4|3|4|3|4|4|3|3|4|4|4|4|4|3|4|3|3|4|4|4|4|4|4|3|4|3|4|3|2|4|4|3|4|4|4|0|4|4|4|4|4|3|2|4|4|4|3|4|4|4|4|4|4|3|4|3|3|2|3|4|3|4|4|3|3|4|4|4|4|4|4|2|4|3|3|3|4|3|3|3|3|4|4|4|3|4|4|4|4|3|4|4|4|3|4|4|4|4|2|3|4|3|4|3|3|4|2|4|3|4|3|3|4|4|4|3|4|4|4|4|4|4|4|3|4|4|4|4|4|3|3|4|3|4|4|4|3|4|3|3|4|3|3|3|4|4|4|4|3|4|4|3|4|4|4|4|4|2|4|4|4|4|4|4|4|4|3|4|3|3|3|4|4|4|4|4|4|3|3|3|4|2|4|4|4|4|4|3|3|4|4|3|4|3|3|3|2|3|4|3|3|4|4|3|4|4|4|4|3|3|4|3|4|3|3|4|3|4|4|4|4|3|4|4|3|3|4|3|3|4|3|4|3|4|0|4|3|4|4|4|2|4|3|4|3|4|4|3|3"
            },
            {
                "cvclid": "CVCL_2162",
                "similarity": 0.8311843766032964,
                "seqstr": "AG|GG|AA|GA|AA|CA|CT|GG|AG|GG|AA|AA|AA|AG|TT|AG|AA|TT|TC|TC|TT|TT|CC|TT|TC|TC|CC|CT|GG|TT|CC|GG|AA|TT|AG|TT|AA|CC|AG|CC|CC|TC|AG|CC|AA|AA|GG|GA|AA|CT|CC|GA|CC|TC|CC|CT|TT|GG|TC|AG|GG|CC|TT|GA|AA|CT|GA|TC|GG|GG|TC|GG|AG|AG|AC|TC|GG|CC|GG|AA|GG|AG|TC|GG|AG|TT|GG|CT|CT|CT|CC|GG|TT|AA|GA|AG|CT|AA|TC|AA|GA|TT|TG|AG|CC|AG|CC|AG|TT|GA|CC|TC|AG|CC|TT|GA|AA|GG|GA|TC|TC|GG|CT|GG|CT|CC|GG|CT|AA|TT|CT|GA|TT|CC|AG|CT|TC|GG|TC|TT|GA|CC|TG|TT|CT|AA|GA|GA|AA|TT|CT|GA|GG|GG|AA|AC|CT|CT|TC|TT|CC|GA|AA|TC|CT|GG|AA|GG|CT|AG|TT|GG|CC|GA|CT|GG|AA|CT|TT|CC|AA|GA|CC|GT|CC|CT|AA|AG|AG|GA|CT|GA|AG|GG|CC|AA|AA|AA|TT|AG|TC|AG|CA|CC|AG|CC|GG|CC|GG|CA|AA|GA|GA|GG|CC|AG|CT|GG|TT|GG|AA|TC|CC|GA|TG|TT|TT|TT|GT|GA|TC|TC|CC|TG|AA|CC|CC|CT|TC|AG|AC|CC|TT|GA|GA|CT|AG|AA|CT|GG|AA|GG|AG|TT|GG|CC|GG|CT|AG|TT|CC|GG|TT|CC|AG|TC|GG|AG|TC|AA|AA|GA|TT|TC|AA|AA|CC|CT|TT|TC|AA|CC|AA|TT|TC|TC|GA|TC|TT|GG|CA|TT|TC|CA|CC|CC|CC|CT|AC|AA|GG|AG|TT|TG|GA|AA|AA|CC|AA|CC|TC|AA|AG|AG|TT|GG|TT|TC|CC|AG|GG|CT|TT|AA|TC|AA|GA|TC|AA|AA|GG|CT|AA|GA|GG|CT|CC|CA|TT|AA|CC|CC|TT|TT|TC|AA|CC|TC|AA|GG|TC|GA|AG|AA|AG|GA|GA|GG|CC|AA|GA|CC|TT|TT|AG|CT|TC|AA|TC|GG|CC|CC|CC|CC|AG|AG|TT|CC|AC|TT|GT|CC|GG|CT|CC|GA|CC|GA|TC|GG|AG|CA|TC|TT|GA|GG|TT|TG|AG|AA|TC|GG|AG|GG|TT|TC|GA|GG|CC|TC|GA|AA|GA|TC|AA|GA|TT|GG|TG|CT|GA|TT|CC|GG|CT|GG|CA|CC|GG|GG|CC|AG|CC|AA|CT|TT",
                "seqstr_related": "4|4|4|2|4|3|3|3|4|4|4|4|4|4|3|2|4|4|3|4|3|4|4|3|4|3|4|3|4|4|4|3|3|3|2|4|4|3|4|3|4|2|2|3|3|4|3|3|4|3|3|3|3|4|4|4|3|4|4|4|4|3|4|4|3|3|2|4|4|4|3|4|4|4|2|4|4|3|0|4|4|4|3|4|4|3|4|4|2|4|3|3|4|4|4|3|3|0|3|3|4|3|2|4|3|4|4|4|4|4|3|4|3|3|0|4|4|4|4|4|4|3|4|0|4|4|3|4|4|4|3|4|3|4|4|4|3|4|3|4|3|0|4|3|3|4|4|3|3|3|3|4|4|3|4|3|2|3|4|4|3|3|4|2|4|4|4|4|3|4|3|4|3|4|4|4|4|4|2|4|3|3|4|4|3|3|3|4|2|4|3|4|4|3|3|4|4|4|4|4|3|4|3|3|4|4|4|4|4|4|3|4|3|4|3|2|4|4|3|4|4|4|0|4|4|4|4|4|3|2|4|4|4|3|4|4|4|4|4|4|3|4|3|3|2|3|4|3|4|4|3|3|4|4|4|4|4|4|2|4|3|3|3|4|3|3|0|2|4|4|4|2|4|4|4|4|3|4|4|4|3|4|4|4|4|2|2|4|3|4|3|3|4|2|4|3|4|3|3|4|4|4|3|4|4|4|4|4|4|4|3|4|4|4|4|4|3|3|4|3|4|4|4|3|4|3|3|4|3|3|3|4|4|4|4|3|4|4|3|4|4|4|4|4|3|4|4|4|4|4|4|4|4|3|4|3|3|3|4|4|4|4|4|4|3|3|3|4|2|4|4|4|4|4|3|3|4|4|3|4|3|3|3|2|3|4|3|3|4|4|3|4|4|4|4|3|3|4|3|4|3|3|4|3|4|4|4|4|3|4|4|3|3|4|3|3|4|3|4|3|4|0|4|3|4|4|4|0|4|3|4|3|4|4|3|3"
            },
            {
                "cvclid": "CVCL_0098",
                "similarity": 0.48710542175728694,
                "seqstr": "AA|GG|AA|GA|AA|AA|CC|AA|GG|AA|AA|AG|AG|GG|CC|AG|AA|CC|TC|TT|TT|CT|CC|TT|TT|TT|TT|CT|TT|TT|TT|GA|AA|TC|AA|TT|GG|TT|GG|CC|TC|TC|GG|CC|GG|CC|GG|GG|AA|CT|CC|GA|CC|CC|TT|CT|TT|GA|CC|GG|AA|TT|CT|GA|AG|CT|GA|TC|GG|GG|TT|AG|AA|GG|AA|TC|TG|CC|GG|AA|AA|GG|TT|TT|AA|CC|TG|CC|TT|CC|CC|AA|CC|AA|AA|AA|CC|GG|TC|GG|GA|CC|TG|AA|CC|AA|TT|AA|CC|GA|TT|CC|GG|TT|CC|GA|GA|AA|GG|CC|TC|GG|CT|GA|CT|CC|GG|CC|GG|CC|CC|GG|TT|TC|AG|TT|TC|AA|TC|CC|AA|CC|TG|CC|CT|AA|GG|GG|AA|TT|CT|AA|AA|GG|AA|AC|TT|CT|CC|TT|TT|GA|AG|TC|CT|GG|AG|AG|TT|AA|TC|GG|TT|AA|CC|AA|GG|CC|TC|CC|GA|GA|TC|GT|CC|CC|AG|AG|GG|AA|CC|GG|AG|GG|TT|AA|AA|GG|CC|AG|TT|AG|CC|TC|GG|TC|GA|CC|AA|CC|GG|GG|GA|GG|CC|AA|CT|GA|TT|GG|GG|TT|CC|GG|GG|CT|GG|CC|GG|AA|TC|TC|CT|TG|GG|CT|TC|CT|TC|AA|AC|TT|TG|GA|AA|CT|AG|GA|CC|AG|AA|GG|GG|CT|GA|TC|GG|TT|AA|TT|CT|GG|CC|CT|AG|TC|GG|AA|CC|AA|GG|AA|TT|TT|GG|AA|CC|CT|CC|TC|AA|CT|AG|TC|CC|CC|GG|TC|TT|GG|CA|TT|TC|CC|CC|CC|TC|CT|AC|GG|GG|GG|TT|TT|AA|AA|GG|CT|AG|TT|TT|GA|AG|GG|TT|GG|CT|CC|CC|GG|AG|CC|TT|GA|CC|AG|GG|CC|AA|GG|GG|TT|GG|GG|GG|CT|CC|AA|TT|AG|CC|CC|TT|TT|TC|GA|TT|TT|GA|TT|TC|AA|AG|AG|GG|GA|GA|TT|CC|GG|GG|TT|CC|CC|AA|CC|TC|AA|CC|GA|TC|TC|CC|CC|AA|GG|CC|TT|AA|CC|GG|TT|AA|CT|CC|AA|TT|AA|CC|GG|GG|CA|CC|TT|AA|GG|TT|GG|AA|AA|CC|AG|GG|GG|CC|TC|GG|GG|TT|TT|GG|GG|GG|CC|GG|GG|CC|GG|TT|CT|GA|CC|CA|GA|CT|AG|CC|TT|GG|TT|CC|AG|CT|AA|TT|TT",
                "seqstr_related": "4|4|4|2|4|2|2|0|4|4|4|4|4|4|0|2|4|4|3|4|3|4|4|3|4|2|4|3|4|4|4|2|3|2|3|4|4|0|4|3|4|2|3|3|0|4|3|2|4|3|3|3|3|4|4|4|3|4|4|4|4|0|4|4|2|3|2|4|4|4|2|4|4|4|3|4|4|3|0|4|4|4|2|4|4|0|4|4|3|4|3|0|4|4|4|2|2|3|3|0|4|0|2|4|3|4|4|4|4|4|0|4|2|0|3|4|4|4|4|4|4|3|4|2|4|4|3|4|4|4|2|4|3|4|4|4|3|4|3|4|2|0|4|0|3|4|4|2|3|3|3|4|4|3|4|3|0|3|4|4|0|3|4|2|4|4|4|4|2|4|2|4|0|4|4|4|4|4|3|4|2|3|4|4|3|2|2|4|3|4|2|4|4|3|0|4|4|4|4|4|2|4|2|2|4|4|4|4|4|4|0|4|3|4|3|3|4|4|3|4|4|4|0|4|4|4|4|4|2|0|4|4|4|3|4|4|4|4|4|4|3|4|2|3|0|3|4|2|4|4|3|3|4|4|4|4|4|4|3|4|2|3|0|4|3|3|0|0|4|4|4|0|4|4|4|4|3|4|4|4|3|4|4|4|4|3|0|4|3|4|3|3|4|0|4|3|4|3|3|4|4|4|3|4|4|4|4|4|4|4|2|4|4|4|4|4|2|2|4|2|4|4|4|2|4|2|2|4|3|0|3|4|4|4|4|3|4|4|3|4|4|4|4|4|3|4|4|4|4|4|4|4|4|2|4|3|3|0|4|4|4|4|4|4|2|2|3|4|0|4|4|4|4|4|2|2|4|4|2|4|2|0|0|2|3|4|0|2|4|4|2|4|4|4|4|3|3|4|2|4|2|2|4|3|4|4|4|4|0|4|4|0|2|4|0|2|4|3|4|3|4|3|4|2|4|4|4|3|4|0|4|3|4|4|2|3"
            },
            {
                "cvclid": "CVCL_0126",
                "similarity": 0.45903859955563514,
                "seqstr": "AG|GG|CA|AA|AA|CA|CT|AA|GG|AG|GG|AG|AG|AG|CC|GG|AG|TT|TC|TC|TT|CC|CC|GG|TC|CC|TT|CT|TT|TT|TC|AA|AG|CC|AG|TT|AA|CC|GG|CC|TC|TT|GG|CC|GG|CC|GG|GA|AG|CC|CC|GG|CC|CC|CC|CC|TC|GA|CC|GG|GA|CC|TT|GA|AG|CT|GA|TC|GG|GA|TC|AG|GG|AG|CC|CC|TG|CC|GA|CC|GG|GG|CC|TT|GG|CC|TG|CC|CT|TT|CT|AA|CT|AA|AA|AG|CT|AA|TC|GG|GG|CC|TG|AG|CC|AG|TT|AG|CC|GA|CC|TC|GG|TT|TC|AA|GA|GA|AA|CC|TT|GG|TT|GA|CT|TT|GG|CC|GG|CC|CC|AA|CT|TT|AA|TT|TC|AA|TC|CC|AA|CC|TG|CC|CC|CC|GA|GA|AA|TT|CC|AA|GG|GG|GG|AA|CT|CT|TC|CC|TT|GG|AA|TT|CT|GA|GG|AG|TT|GG|TC|GG|TT|AA|CT|AA|GG|CC|TC|TT|GG|GA|TC|TT|CT|CT|AA|AG|AA|GG|CC|GG|AG|AG|CT|AA|CC|GG|TT|GG|CC|GG|CA|CC|AG|TT|GA|TC|AG|CA|GG|GA|GA|GA|TC|AA|CC|GA|CC|GA|GA|TT|CT|GG|GG|TT|GT|CC|GG|AA|CC|CC|CT|TG|AA|CT|TT|CC|TT|AG|CC|TT|GG|GA|AA|CT|GG|GA|CC|AG|AA|GG|AG|CC|GA|TC|GG|CC|AA|TC|CC|AA|CT|CT|AA|CC|GG|AA|TT|AA|AG|AA|TT|TC|GG|GA|AA|CC|CC|TT|AA|CT|GG|CC|TC|TT|GA|CC|TT|GG|CA|GG|CC|CC|TC|CC|TC|CT|AA|GG|GG|AG|TT|TT|AA|AG|GG|CT|GG|TT|TT|GG|GG|GG|TC|GG|TT|TC|TC|AG|AA|CT|CC|GA|CC|AG|GA|TT|AG|GG|AA|CT|GG|GG|GG|CT|TT|CA|TT|AA|AC|TT|CT|TC|TC|AA|TT|TC|GG|GT|TT|GA|AA|GG|AG|GA|GG|TT|CC|AG|GG|CC|CC|CC|AG|CT|CC|GG|CC|GA|TT|TC|CT|TC|AG|GG|CC|CC|AA|TC|GT|TC|GA|CT|TT|AA|CC|GA|TC|GG|AG|CC|CC|CT|GA|GG|TT|TG|AG|AG|CC|AG|GG|AA|CT|CC|AA|GG|CT|TC|GA|GG|GG|TC|GG|AA|CT|GG|TG|CT|GA|CC|AA|AA|TT|AG|AA|TT|GA|TT|CC|AG|TT|GG|CT|CT",
                "seqstr_related": "4|4|4|0|4|3|3|0|4|4|4|4|4|4|0|0|4|4|3|4|3|4|4|0|4|2|4|3|4|4|4|0|2|0|2|4|4|3|4|3|4|0|3|3|0|4|3|3|4|2|3|2|3|4|4|4|2|4|4|4|4|3|4|4|2|3|2|4|4|4|3|4|4|4|0|4|4|3|2|4|4|4|2|4|4|0|4|4|2|4|2|0|4|4|4|3|3|0|3|0|4|0|2|4|3|4|4|4|4|4|3|4|2|0|2|4|4|4|4|4|4|3|4|2|4|4|3|4|4|4|2|4|2|4|4|4|3|4|3|4|2|0|4|0|2|4|4|3|3|3|2|4|4|3|4|2|2|3|4|4|0|2|4|0|4|4|4|4|2|4|2|4|0|4|4|4|4|4|3|4|0|3|4|4|2|3|3|4|0|4|2|4|4|2|2|4|4|4|4|4|2|4|3|3|4|4|4|4|4|4|0|4|3|4|2|3|4|4|0|4|4|4|2|4|4|4|4|4|2|0|4|4|4|3|4|4|4|4|4|4|2|4|0|3|0|3|4|2|4|4|3|3|4|4|4|4|4|4|3|4|3|0|2|4|2|2|0|0|4|4|4|0|4|4|4|4|0|4|4|4|3|4|4|4|4|0|2|4|3|4|3|0|4|0|4|3|4|3|2|4|4|4|3|4|4|4|4|4|4|4|2|4|4|4|4|4|3|3|4|3|4|4|4|2|4|2|3|4|2|0|0|4|4|4|4|3|4|4|3|4|4|4|4|4|3|4|4|4|4|4|4|4|4|0|4|3|2|0|4|4|4|4|4|4|3|3|2|4|0|4|4|4|4|4|3|2|4|4|2|4|3|2|2|2|0|4|3|3|4|4|3|4|4|4|4|3|3|4|3|4|2|2|4|0|4|4|4|4|2|4|4|0|2|4|0|2|4|3|4|3|4|3|4|0|4|4|4|3|4|0|4|3|4|4|3|2"
            },
            {
                "cvclid": "CVCL_1303",
                "similarity": 0.4582171216439907,
                "seqstr": "AA|AA|CC|GA|AG|CC|CT|GG|AA|GG|AA|AA|GG|AG|TT|GG|AG|TT|TC|CC|TC|CT|CT|TG|CC|CC|TC|CC|GT|TG|CC|AA|GG|TT|AG|TT|GG|TC|GG|CC|TC|CC|GG|TT|AA|AA|AA|GA|AG|TT|CC|GA|TT|TC|TT|TT|TC|GG|TC|AA|AA|CC|CT|GG|AG|TT|GA|TC|GG|GG|TC|AA|GG|AG|AC|TC|GG|TT|AA|CA|AG|GG|TT|GT|AG|TT|TG|CT|TT|CT|TT|AA|CC|AA|AA|AG|CT|GG|CC|AG|GA|TT|GG|GG|CC|AA|TT|AA|TC|GG|CC|TC|AA|CC|TT|GG|AA|AA|GA|CC|TC|GG|CT|GG|TT|TC|AA|CT|AA|TC|TT|GA|CT|TC|AG|TT|CC|AG|TC|CC|GA|CA|TG|TT|CC|CC|AA|GG|GG|CT|CC|AA|AG|AA|GG|CC|TT|TT|TC|CC|CC|AA|AA|TC|CT|GA|AG|AA|CC|AA|TC|GG|CC|GG|TT|AA|AG|CC|TC|CC|GA|AA|TC|TT|CT|CT|AG|AG|AG|GG|CT|GA|AA|AA|CC|AA|CC|GA|TT|AG|TC|AG|CA|TC|AG|CC|AA|TT|AG|CA|AA|GA|GA|GA|CC|GG|CT|GG|TT|GG|GA|TC|CC|AA|GG|CT|GG|CT|GT|AA|CC|CC|CC|TG|AA|CT|TC|TT|TT|AG|AC|TT|GG|GA|GG|CT|AA|GG|CT|GG|GA|GA|AG|TT|GG|CC|GG|CT|AA|TT|CT|AA|TT|TT|GG|TC|GG|AA|TC|GA|AG|GG|CC|TC|GG|GA|AC|CC|CC|CC|GG|CC|GG|TT|CC|CC|GA|TC|CC|GG|CC|GG|TC|CA|CC|CT|TC|CT|AA|GG|GA|AA|TT|TT|GG|AA|AG|CC|GG|CC|TC|AA|AG|AG|CC|AA|CT|TT|CC|AG|AG|CC|TC|GA|TT|AG|AA|TT|AA|GA|GG|TT|AG|GA|GA|CT|CT|CC|CT|AA|CC|CC|TT|CC|TC|GA|TT|CC|GA|TT|CC|GG|AG|GG|AA|GG|GG|TG|TC|GG|AA|TC|CT|CC|AG|TT|TT|AA|TT|GA|CC|CC|CC|TC|AG|AG|TT|TC|CC|CC|TT|CC|AA|CT|TT|AA|TC|GG|TT|AA|AG|AA|CC|CT|GG|GG|TT|GG|AG|AG|CC|GG|GG|GG|CC|TT|GG|GG|CC|TC|GA|AA|GG|TT|AG|GA|TT|NN|TT|TT|GA|CC|AA|GG|TT|AG|CC|CC|GG|TG|TT|AG|CT|AG|CT|CT",
                "seqstr_related": "4|4|4|2|4|2|3|3|4|4|4|4|4|4|3|0|4|4|3|4|2|4|4|2|4|2|4|2|4|4|4|0|0|3|2|4|4|2|4|3|4|3|3|0|3|4|0|3|4|2|3|3|0|4|4|4|2|4|4|4|4|3|4|4|2|2|2|4|4|4|3|4|4|4|2|4|4|0|3|4|4|4|2|4|4|3|4|4|3|4|0|0|4|4|4|3|3|3|2|2|4|3|0|4|3|4|4|4|4|4|3|4|2|3|0|4|4|4|4|4|4|3|4|0|4|4|0|4|4|4|2|4|2|4|4|4|2|4|3|4|3|2|4|3|2|4|4|2|0|2|2|4|4|0|4|2|0|2|4|4|3|2|4|2|4|4|4|4|2|4|2|4|3|4|4|4|4|4|3|4|2|2|4|4|2|3|2|4|2|4|3|4|4|0|3|4|4|4|4|4|3|4|3|2|4|4|4|4|4|4|3|4|3|4|3|0|4|4|3|4|4|4|0|4|4|4|4|4|3|0|4|4|4|3|4|4|4|4|4|4|3|4|0|3|3|3|4|0|4|4|2|2|4|4|4|4|4|4|3|4|2|0|3|4|2|3|0|0|4|4|4|3|4|4|4|4|2|4|4|4|0|4|4|4|4|3|2|4|0|4|2|0|4|2|4|2|4|3|2|4|4|4|3|4|4|4|4|4|4|4|3|4|4|4|4|4|2|2|4|3|4|4|4|2|4|2|2|4|3|2|3|4|4|4|4|3|4|4|2|4|4|4|4|4|3|4|4|4|4|4|4|4|4|0|4|2|2|2|4|4|4|4|4|4|3|2|2|4|3|4|4|4|4|4|3|3|4|4|2|4|2|3|0|2|0|4|2|2|4|4|3|4|4|4|4|3|3|4|3|4|2|3|4|3|4|4|4|4|3|4|4|3|2|4|2|3|4|0|4|2|4|3|4|3|4|4|4|0|4|2|4|3|4|4|3|2"
            },
            {
                "cvclid": "CVCL_1793",
                "similarity": 0.45755543380593866,
                "seqstr": "AG|AA|AA|GA|AA|CA|CT|GG|AG|AG|AG|AA|AA|AG|CC|GG|AA|CC|CC|CC|TT|CT|CT|TT|TC|CC|TC|CT|TT|GG|TC|AA|GG|TT|AA|TT|GG|CC|AG|TT|TC|CC|GG|TC|AA|AA|GG|GA|GG|CT|TC|GG|CC|TC|CC|CT|TT|AA|CC|AA|GA|CC|TT|GA|AG|CT|GG|TT|GG|GA|CC|GG|AA|AG|AC|TC|TG|TT|GG|CA|AG|AA|CC|GG|GG|TC|TG|CC|CT|CC|CT|AA|TT|AG|GG|AG|CT|GA|TT|AG|GG|CC|TT|AA|TC|GG|CT|GG|TT|GA|TT|TC|AG|CC|CC|GG|GA|GG|GA|CC|TC|GG|CT|GG|TT|CC|AG|TT|AG|TT|CT|GA|TT|CC|GG|CT|CC|AG|CC|TT|AA|AA|TT|CC|CT|AC|GA|AA|AG|TT|CC|GA|AG|AA|AG|AA|CC|CT|TT|CT|TT|GA|GG|CC|TT|GA|AG|AG|CT|AG|CC|GG|TT|AA|CT|AG|AG|CT|CC|TC|GA|GA|CC|GT|CT|CT|AA|GG|AG|GG|CC|GA|GG|AA|TT|GG|CA|GA|CC|AG|TC|AA|CA|TT|AG|CC|AA|TC|AG|CA|AG|AA|GA|GG|TC|AG|TT|GA|TT|GG|GA|TT|CC|GA|TG|CC|TT|CT|GG|AA|CC|TT|CT|TG|AA|CT|TC|TT|CC|AG|AC|CT|TT|GA|GA|TT|AG|GG|CT|AA|GG|AA|GG|TT|GG|TC|GT|TT|AA|TC|CT|GG|TT|CT|AA|CC|AG|AA|TC|AA|AG|AA|TC|TT|AA|GA|CC|TT|TC|TC|AG|CT|GG|TC|TT|TC|AA|CC|CT|GG|CA|GT|TT|CA|TC|CC|TT|CT|CC|GG|GA|AG|CT|TG|AA|AA|AA|CT|GG|CC|TT|AA|GG|AG|TT|GG|CT|TT|TC|AG|AG|CC|TT|GA|CC|AG|GA|CC|AG|GA|AA|CT|AG|GA|GA|CT|CC|CC|CC|AA|AC|CT|CT|TC|TT|GA|CC|TC|GA|TT|TT|GA|AA|AG|AG|GA|GG|TG|TT|AG|GG|CC|CT|CC|AA|CT|TC|AG|TT|GA|TC|TT|CC|CC|AG|AG|TT|TC|AC|CC|GT|TC|AA|CT|TT|GG|CC|GA|CC|GA|AG|CA|TC|CT|AA|GG|TC|TT|AG|AG|TT|GG|AG|GA|TT|TT|GG|TT|CT|TT|GA|AA|AA|TT|GG|GA|CT|AA|TG|CT|AA|CC|CC|AA|CT|AA|CA|TT|GA|TG|TT|AA|CT|GG|CC|CT",
                "seqstr_related": "4|4|4|2|4|3|3|3|4|4|4|4|4|4|0|0|4|4|2|4|3|4|4|3|4|2|4|3|4|4|4|0|0|3|3|4|4|3|4|0|4|3|3|2|3|4|3|3|4|3|2|2|3|4|4|4|3|4|4|4|4|3|4|4|2|3|0|4|4|4|2|4|4|4|2|4|4|0|0|4|4|4|2|4|4|2|4|4|2|4|2|0|4|4|4|3|3|2|2|2|4|0|3|4|2|4|4|4|4|4|0|4|3|3|3|4|4|4|4|4|4|3|4|0|4|4|2|4|4|4|3|4|3|4|4|4|2|4|2|4|2|3|4|0|3|4|4|2|2|3|2|4|4|0|4|2|3|3|4|4|0|3|4|3|4|4|4|4|3|4|0|4|0|4|4|4|4|4|2|4|2|3|4|4|2|3|3|4|2|4|2|4|4|0|0|4|4|4|4|4|3|4|3|0|4|4|4|4|4|4|2|4|3|4|2|2|4|4|3|4|4|4|0|4|4|4|4|4|2|0|4|4|4|3|4|4|4|4|4|4|3|4|3|3|2|2|4|0|4|4|0|0|4|4|4|4|4|4|3|4|2|3|3|4|2|2|2|0|4|4|4|0|4|4|4|4|3|4|4|4|2|4|4|4|4|2|3|4|2|4|3|2|4|2|4|3|4|3|2|4|4|4|2|4|4|4|4|4|4|4|2|4|4|4|4|4|2|2|4|3|4|4|4|2|4|2|3|4|2|2|0|4|4|4|4|3|4|4|0|4|4|4|4|4|2|4|4|4|4|4|4|4|4|2|4|3|2|2|4|4|4|4|4|4|2|3|3|4|3|4|4|4|4|4|3|3|4|4|3|4|3|2|0|2|0|4|3|3|4|4|3|4|4|4|4|3|2|4|3|4|2|3|4|2|4|4|4|4|2|4|4|3|2|4|0|3|4|0|4|3|4|3|4|0|4|4|4|3|4|2|4|2|4|4|2|2"
            },
            {
                "cvclid": "CVCL_0065",
                "similarity": 0.45753265795616194,
                "seqstr": "AA|GA|CC|GG|GG|CA|TT|AA|AA|AA|AG|AG|AA|AG|TC|AG|AA|CC|TC|TC|TC|CT|CT|TT|CC|CC|TT|TT|GT|TG|TC|GA|GG|TT|AG|CT|GG|TC|AG|CT|TC|TT|GG|TC|GG|CA|GG|AA|GG|CC|CC|GA|CC|TC|CT|CC|TT|GG|TT|GG|GA|TC|TT|GA|AG|CT|GA|TC|GG|GA|TC|AA|GG|AG|AC|TC|GG|CC|GA|CA|AG|GG|TC|GT|AG|TC|TT|CC|TT|TT|CT|AA|CT|AG|GA|AA|CC|GG|TT|AG|AA|CC|TG|GG|TC|AG|CT|GG|TC|GA|CC|TT|AA|TT|TT|GA|GG|GA|AA|CC|CC|GG|CC|GG|CC|CC|GG|CT|GG|TC|TT|GA|CT|CC|AA|CC|TC|GG|TT|CT|GG|CA|TG|TT|CT|AC|GA|GA|AG|CT|CT|GA|GG|GG|GG|AA|CT|CT|TC|TT|CT|GA|AA|TC|TT|GA|AA|AG|CC|AG|CC|AA|CC|AA|TT|GG|AG|CC|CC|TC|GA|GA|TC|TT|CT|CT|AG|AG|AG|GA|CC|GG|GG|AG|CT|AG|CA|GG|TC|AA|TT|AG|CA|TC|AA|CC|AA|TC|AA|CC|AG|GA|GA|AA|TT|GG|CC|GA|TC|GG|AA|TT|CT|GA|TG|TT|GT|CT|GT|AA|CC|TT|TT|TG|GG|CC|TC|CC|TT|AA|AC|CT|TG|GA|AA|CC|AA|GG|CT|AG|GA|GA|GG|CT|GA|TC|GT|CC|AA|TC|TT|GG|CC|TT|AG|TC|AA|AG|TC|GG|AG|GA|TC|CC|GA|GA|AC|TT|CC|TC|AG|CT|AG|CC|TT|CC|AA|CC|TT|GG|CA|TT|CC|AA|TC|CC|TT|CT|AC|AG|GA|AG|CT|TG|AA|AG|AA|CC|AG|CT|CC|GG|GG|AG|CC|AG|CT|TT|TC|AG|AA|CC|TC|GA|CC|AG|AA|CC|AG|GA|GG|CT|GG|GG|GA|CT|CT|AA|CT|AA|AA|CT|TT|TC|TC|GG|CT|TC|GG|TT|CC|GG|AG|AA|AG|GA|GA|TG|TT|GG|GG|TT|TT|CC|AG|CT|TC|AG|TC|GG|TC|CC|CT|CC|AG|AG|CC|TT|CC|CC|GT|CC|GA|TT|CC|GA|TC|GA|TC|AA|AG|CC|CC|TT|GA|GG|CC|TG|AG|AG|TC|AG|AG|GA|TT|CC|GG|GT|CT|TT|AA|AA|GG|TC|AG|GG|CC|NN|TG|TT|GA|CC|AA|AA|TT|AG|CA|TT|GA|GG|TC|AG|TT|AG|CT|CT",
                "seqstr_related": "4|4|4|3|4|3|2|0|4|4|4|4|4|4|2|2|4|4|3|4|2|4|4|3|4|2|4|2|4|4|4|2|0|3|2|4|4|2|4|2|4|0|3|2|0|4|3|2|4|2|3|3|3|4|4|4|3|4|4|4|4|2|4|4|2|3|2|4|4|4|3|4|4|4|2|4|4|3|2|4|4|4|3|4|4|2|4|4|3|4|2|0|4|4|4|2|2|3|2|2|4|0|2|4|2|4|4|4|4|4|3|4|2|0|0|4|4|4|4|4|4|3|4|0|4|4|3|4|4|4|2|4|2|4|4|4|3|4|2|4|2|2|4|3|3|4|4|3|2|2|3|4|4|3|4|2|2|3|4|4|2|3|4|2|4|4|4|4|2|4|0|4|3|4|4|4|4|4|2|4|2|3|4|4|2|3|2|4|2|4|2|4|4|2|2|4|4|4|4|4|2|4|3|2|4|4|4|4|4|4|2|4|3|4|0|0|4|4|2|4|4|4|2|4|4|4|4|4|3|0|4|4|4|3|4|4|4|4|4|4|3|4|2|3|0|2|4|0|4|4|2|2|4|4|4|4|4|4|3|4|0|3|0|4|3|3|3|2|4|4|4|2|4|4|4|4|2|4|4|4|2|4|4|4|4|3|3|4|3|4|3|3|4|3|4|3|4|3|3|4|4|4|2|4|4|4|4|4|4|4|2|4|4|4|4|4|2|2|4|3|4|4|4|2|4|2|2|4|2|2|3|4|4|4|4|3|4|4|2|4|4|4|4|4|3|4|4|4|4|4|4|4|4|3|4|3|3|2|4|4|4|4|4|4|3|3|3|4|2|4|4|4|4|4|3|3|4|4|2|4|3|3|2|3|3|4|2|3|4|4|3|4|4|4|4|3|0|4|3|4|3|2|4|2|4|4|4|4|2|4|4|3|2|4|2|2|4|0|4|2|4|3|4|0|4|4|4|3|4|3|4|3|4|4|3|2"
            },
            {
                "cvclid": "CVCL_1958",
                "similarity": 0.45753265795616194,
                "seqstr": "AA|GA|AA|AA|AA|CA|TT|GG|AG|AA|AA|AA|AG|AA|CC|GG|AA|TT|CC|CC|TT|TT|CT|TG|TT|TC|TC|TT|GG|GG|TC|GG|GG|TC|AG|CT|AG|CC|GG|CC|TC|CC|AG|TC|AA|CC|GA|GA|AA|TT|TC|GA|CC|TC|CT|CT|TC|GG|CC|AG|GA|TC|CT|GA|GG|TT|GA|CC|TT|GA|TC|AA|AA|AG|AC|CC|TT|TT|AA|CC|AG|AG|TT|GT|GG|TC|GG|CC|CT|CT|TT|GA|CT|AG|GG|AG|CT|GA|CC|GG|AA|CT|GG|AG|CC|AG|CT|AG|CC|GG|CT|TT|AG|CC|TC|GA|AA|GA|GA|CC|TT|GG|CC|GG|CC|TC|GG|TT|AG|TT|CT|GA|CT|TC|AG|CT|TC|AG|TT|TT|AA|AA|TG|TT|CC|AC|AA|GA|AA|TT|CC|AA|GG|AG|AA|AC|CT|TT|TC|CC|CT|GA|AA|CC|CC|GA|GG|AA|CT|AG|CC|AG|CC|AA|CT|AA|AG|CT|TC|CC|GG|AA|TC|GT|CC|CC|GG|AG|AG|GA|CT|GA|GG|AG|CT|AG|AA|GG|TT|GG|TC|AG|AA|CC|AA|CC|GA|CC|AG|CA|AA|GA|GA|GA|CC|AG|CC|AA|CC|GA|GG|TC|TT|GA|TG|TT|GG|TT|GG|GA|TC|CC|CT|TG|AG|CC|TC|CC|TT|GG|AC|TT|TG|GG|GA|CT|GG|GG|TT|GG|AA|GA|GG|CC|GG|TC|GT|TT|AG|CC|TT|AA|CT|CT|AG|CC|GG|GG|TC|GA|AA|GG|TC|TT|AA|AA|AA|CT|TC|CC|AG|CC|AA|TT|TC|TC|GA|CC|CC|AA|CA|TT|TC|CC|TC|CT|TT|CT|AA|GG|GG|AG|TT|TG|AA|GG|GG|TT|GG|CC|TC|GA|AA|AG|CC|GG|TT|TC|TT|AG|AA|CT|TT|AA|TC|AG|GA|TT|GG|GG|GA|CT|AA|GA|GA|TT|CC|CA|CC|GG|AC|CC|CC|TT|TT|AA|TT|TT|GA|TT|TT|GA|AG|AG|AG|GA|GA|TT|CC|AG|AA|TC|CT|TT|AG|CT|TC|AA|TT|AA|TC|CC|CT|TT|AG|AG|CT|TT|CC|TC|GT|CC|GG|TT|TT|GG|TT|AA|TC|GA|AG|CC|TC|CT|GA|GG|TC|TG|AG|AG|TC|AG|AG|GA|CC|TC|GA|TT|CC|TT|GG|GG|AA|TC|AG|GG|CC|GA|TG|TT|AA|CC|CC|GA|CT|GG|CA|TT|GA|GG|TC|AA|TT|GG|CC|CT",
                "seqstr_related": "4|4|4|0|4|3|2|3|4|4|4|4|4|4|0|0|4|4|2|4|3|4|4|2|4|3|4|2|4|4|4|3|0|2|2|4|4|3|4|3|4|3|2|2|3|4|2|3|4|2|2|3|3|4|4|4|2|4|4|4|4|2|4|4|0|2|2|4|4|4|3|4|4|4|2|4|4|0|3|4|4|4|2|4|4|2|4|4|2|4|0|2|4|4|4|3|3|2|2|0|4|2|0|4|3|4|4|4|4|4|2|4|3|3|2|4|4|4|4|4|4|3|4|0|4|4|3|4|4|4|3|4|2|4|4|4|3|4|2|4|2|3|4|3|2|4|4|3|3|3|2|4|4|2|4|3|2|2|4|4|2|3|4|3|4|4|4|4|3|4|0|4|3|4|4|4|4|4|3|4|0|2|4|4|3|2|0|4|2|4|3|4|4|2|2|4|4|4|4|4|3|4|2|3|4|4|4|4|4|4|3|4|3|4|3|2|4|4|0|4|4|4|3|4|4|4|4|4|2|2|4|4|4|3|4|4|4|4|4|4|3|4|2|2|2|3|4|0|4|4|3|2|4|4|4|4|4|4|2|4|0|0|2|4|3|2|0|3|4|4|4|3|4|4|4|4|0|4|4|4|2|4|4|4|4|2|2|4|0|4|3|3|4|0|4|2|4|3|2|4|4|4|3|4|4|4|4|4|4|4|3|4|4|4|4|4|3|3|4|3|4|4|4|3|4|2|3|4|0|0|2|4|4|4|4|2|4|4|0|4|4|4|4|4|2|4|4|4|4|4|4|4|4|2|4|3|3|0|4|4|4|4|4|4|3|3|3|4|3|4|4|4|4|4|3|3|4|4|2|4|3|3|3|3|0|4|0|2|4|4|3|4|4|4|4|3|2|4|3|4|3|2|4|2|4|4|4|4|3|4|4|0|2|4|2|2|4|2|4|2|4|3|4|2|4|4|4|3|4|3|4|2|4|4|2|2"
            },
            {
                "cvclid": "CVCL_1193",
                "similarity": 0.4533434077432223,
                "seqstr": "AA|GA|CA|AA|AA|AA|CT|GG|GG|AA|GG|AG|GG|AG|TT|AA|AA|CT|CC|TT|TT|CT|CC|TT|TT|TT|TC|CT|TT|GG|TT|GG|AA|TC|AA|CT|GG|CC|GG|TT|TC|CC|AG|CC|AA|AA|AA|AA|AA|CT|TC|GA|TT|TC|TT|CC|CC|AA|TC|AG|AA|TC|CT|GA|AG|CC|GG|TC|GG|GA|TC|GG|AG|AG|AC|TC|TT|CC|GG|CC|AA|GG|TT|GT|GG|CC|GG|CT|TT|CT|TT|AA|CT|AG|GG|AG|CC|GA|TC|AG|AA|TT|GG|AA|CC|AA|CT|AG|CC|GA|CC|TC|AG|CC|CC|GG|GA|GG|GA|CC|TC|AG|CC|GG|CC|TT|AA|CC|GG|TT|TT|AA|CT|CC|AA|CT|TC|AA|TT|TT|GA|AA|TT|CC|CT|CC|GG|GA|AG|TT|TT|GG|GG|GG|GG|CC|CT|TT|TC|CC|CT|GA|GG|CC|CC|AA|AG|GG|CT|AG|CC|AG|TT|AA|TT|GG|AG|TT|TC|CC|AA|GA|TC|TT|CC|TT|AG|GG|AA|AA|CC|GG|AG|AA|CC|AG|CA|GA|CC|AG|TC|AA|CA|TC|AA|CC|GA|TC|AA|CA|AG|GA|AA|AA|CC|GG|CT|AA|TC|GA|AA|TT|CT|AA|TG|CC|GG|CT|GT|GA|TC|TC|TT|TT|GG|CT|CC|TT|TC|AA|AA|TT|TT|GA|GA|CT|AG|GA|CT|AG|AA|GA|AG|TT|GG|TT|GG|TT|AA|TT|CT|GG|CT|CT|AA|TT|AA|GG|CC|GA|AG|AA|TC|TC|AA|AA|AC|CT|CC|TC|AG|CT|AA|CC|TC|CC|AA|TC|TT|GG|CA|TT|TC|CA|CC|CT|TC|CT|AA|GG|GG|AA|CT|TG|GG|GG|AG|CT|AG|TT|CC|GA|AG|AA|CC|AA|CT|CC|CC|AG|AA|TT|CC|GG|TC|AA|GG|TT|AA|GG|AA|TT|GG|GA|GA|CT|CC|CA|CC|GG|AC|CT|CT|TC|CC|GA|CT|CC|GG|TT|TT|GA|AA|AA|AA|GA|GA|TG|CC|GG|GA|TC|CT|CC|AG|CT|CC|AG|TT|AA|TC|TT|TT|TC|AG|AG|CT|TC|CC|TC|GT|CC|GA|CC|CT|GA|TT|AA|CC|AA|GG|CA|TC|CT|AA|GA|TT|TG|AG|AG|TC|AG|GG|AA|TT|CC|AA|GT|TT|CC|GG|GG|GA|TC|AA|GG|CT|NN|TT|TT|AA|TC|CC|AA|CT|AA|CA|TC|GG|GG|CC|AG|CC|AG|CT|CC",
                "seqstr_related": "4|4|4|0|4|2|3|3|4|4|4|4|4|4|3|3|4|4|2|4|3|4|4|3|4|2|4|3|4|4|4|3|3|2|3|4|4|3|4|0|4|3|2|3|3|4|0|2|4|3|2|3|0|4|4|4|0|4|4|4|4|2|4|4|2|2|0|4|4|4|3|4|4|4|2|4|4|3|0|4|4|4|2|4|4|0|4|4|3|4|0|0|4|4|4|3|2|2|3|2|4|3|0|4|3|4|4|4|4|4|3|4|3|3|3|4|4|4|4|4|4|2|4|0|4|4|0|4|4|4|2|4|2|4|4|4|3|4|2|4|3|3|4|0|3|4|4|3|2|3|2|4|4|3|4|2|2|2|4|4|2|3|4|3|4|4|4|4|3|4|0|4|0|4|4|4|4|4|3|4|3|3|4|4|3|2|2|4|0|4|2|4|4|0|3|4|4|4|4|4|3|4|3|2|4|4|4|4|4|4|2|4|2|4|3|0|4|4|2|4|4|4|2|4|4|4|4|4|3|2|4|4|4|2|4|4|4|4|4|4|2|4|3|3|2|3|4|2|4|4|3|2|4|4|4|4|4|4|3|4|2|3|2|4|2|2|3|3|4|4|4|0|4|4|4|4|2|4|4|4|2|4|4|4|4|3|3|4|3|4|3|3|4|2|4|2|4|3|2|4|4|4|2|4|4|4|4|4|4|4|2|4|4|4|4|4|2|2|4|3|4|4|4|0|4|3|2|4|3|0|0|4|4|4|4|3|4|4|0|4|4|4|4|4|2|4|4|4|4|4|4|4|4|3|4|3|3|2|4|4|4|4|4|4|3|3|2|4|3|4|4|4|4|4|3|3|4|4|2|4|3|3|2|0|2|4|0|2|4|4|2|4|4|4|4|2|3|4|3|4|3|2|4|0|4|4|4|4|0|4|4|0|3|4|3|2|4|0|4|2|4|2|4|0|4|4|4|2|4|3|4|3|4|4|3|0"
            },
            {
                "cvclid": "CVCL_3599",
                "similarity": 0.45319073530747567,
                "seqstr": "AA|GG|AA|GG|GG|AA|CT|AA|AG|AG|AA|AG|GG|AA|TT|GG|GG|CT|TT|CC|TC|CC|CT|TG|CC|TC|CC|CT|GT|GG|CC|GG|GG|TC|GG|CT|AA|CC|AG|CC|CC|TT|AA|TC|AA|AA|GG|GG|AA|CC|CC|GG|TT|TC|CC|CC|TC|GG|TT|GG|AA|TC|CT|GG|AA|TT|GA|CC|GG|AA|TC|AG|AA|AA|AC|TC|TG|CC|GA|CC|GG|AG|TC|GT|GG|CC|TT|CT|TT|CC|CT|GA|CT|AA|GG|GG|TT|AA|TC|AG|AA|CC|TT|AG|CC|AG|CC|AG|CC|GA|CT|TC|AG|TT|TC|GA|AA|GG|GA|CC|TC|AG|TT|GG|TT|TC|GG|TT|AA|CC|CC|GA|TT|CC|AA|CT|TC|GG|CC|CC|GA|CC|TG|TT|CC|CC|GG|AA|AA|TT|CC|GG|AG|GG|AG|AC|CT|CT|TT|CT|TT|AA|GG|TT|TT|GG|AG|GG|CT|GG|CC|GG|TT|GG|CT|GG|AG|CC|TC|CC|GG|GA|CC|GG|TT|CT|AG|AG|GG|AA|CC|GA|GG|AG|CC|AA|AA|GG|TT|GG|TC|GG|CA|CC|AG|CC|GA|CC|AG|CC|GG|GG|GA|GG|TC|AG|CC|GA|TC|GA|GG|TC|CC|GG|TT|TT|GG|TT|GT|GA|TC|TC|CT|TT|GG|CC|TC|CT|CC|AA|AC|CC|GG|GA|AA|CT|AA|GG|CT|GG|AA|GG|AA|CT|GA|CC|GT|CC|AA|TC|CT|GG|CC|TT|AA|TT|GG|GG|TC|GA|AG|GG|CC|TC|AA|GG|AC|CC|TC|TC|AA|CT|GG|CC|TC|TT|GA|CC|CC|GG|CA|GG|CC|CA|CC|CT|CC|CT|AA|AG|GG|AA|CC|TT|GA|AG|GG|CT|GG|CC|TC|GA|GG|GG|TT|AG|TT|TC|TC|AA|GG|CC|TC|GA|TC|GG|GA|TT|AG|GG|GA|CC|GG|AA|GA|CC|CC|CC|CC|AG|AC|CC|CC|TC|TC|AA|CT|TC|GG|GT|TC|GA|AG|AG|GG|GA|GG|TG|TT|AA|GA|CC|CC|CC|AA|CT|CC|AG|TT|AA|CC|CC|TT|TT|GG|AG|CT|CC|AC|TT|GT|TT|AA|TT|CC|GG|TT|AA|CC|GA|AA|CA|TC|CC|AA|GA|TT|TG|AA|GG|CC|AG|GG|GG|TT|TT|GA|GG|CC|TT|GG|AA|GG|TT|AG|GA|CC|GG|GG|CC|GG|CC|AA|AA|CT|GG|CA|TT|GG|TT|CC|AG|TT|AG|CT|TT",
                "seqstr_related": "4|4|4|3|4|2|3|0|4|4|4|4|4|4|3|0|4|4|2|4|2|4|4|2|4|3|4|3|4|4|4|3|0|2|0|4|4|3|4|3|4|0|0|2|3|4|3|2|4|2|3|2|0|4|4|4|2|4|4|4|4|2|4|4|3|2|2|4|4|4|3|4|4|4|2|4|4|3|2|4|4|4|3|4|4|0|4|4|3|4|2|2|4|4|4|2|2|0|3|2|4|0|3|4|3|4|4|4|4|4|2|4|3|0|2|4|4|4|4|4|4|2|4|0|4|4|3|4|4|4|2|4|3|4|4|4|3|4|2|4|3|0|4|3|2|4|4|2|3|3|2|4|4|3|4|3|2|3|4|4|0|2|4|0|4|4|4|4|3|4|0|4|0|4|4|4|4|4|3|4|0|3|4|4|0|3|2|4|3|4|2|4|4|2|3|4|4|4|4|4|3|4|3|3|4|4|4|4|4|4|0|4|3|4|2|2|4|4|2|4|4|4|0|4|4|4|4|4|3|2|4|4|4|2|4|4|4|4|4|4|3|4|0|3|0|3|4|0|4|4|3|3|4|4|4|4|4|4|3|4|2|3|0|4|2|2|0|3|4|4|4|3|4|4|4|4|2|4|4|4|3|4|4|4|4|0|2|4|0|4|3|0|4|2|4|2|4|3|2|4|4|4|0|4|4|4|4|4|4|4|3|4|4|4|4|4|3|3|4|2|4|4|4|2|4|0|3|4|2|0|2|4|4|4|4|2|4|4|0|4|4|4|4|4|3|4|4|4|4|4|4|4|4|2|4|3|2|2|4|4|4|4|4|4|2|3|2|4|3|4|4|4|4|4|2|3|4|4|3|4|3|0|0|3|3|4|0|2|4|4|2|4|4|4|4|2|3|4|2|4|2|2|4|3|4|4|4|4|3|4|4|3|2|4|2|3|4|3|4|2|4|3|4|0|4|4|4|3|4|0|4|3|4|4|3|3"
            }
        ]
    },
    "sfu_identity": {
        "CVCL_2162": {
            "correlation": 0.4492733137854682,
            "pvalue": 5.213542963692758e-18,
            "rank": "0|278|142|143|144|145|147|148|150|151|152|140|272|155|156|158|159|271|162|163|164|270|167|154|139|138|137|107|108|109|111|112|113|114|115|116|117|118|120|121|122|124|125|127|128|129|130|131|132|135|168|106|170|172|206|207|208|212|213|214|218|219|220|247|255|246|243|227|229|230|231|232|242|234|235|241|223|204|202|260|174|175|176|177|178|180|181|182|269|268|185|186|187|188|189|190|191|192|193|194|195|196|199|171|105|119|103|32|33|34|35|36|37|38|39|40|41|42|31|43|45|46|47|48|49|51|52|53|299|55|56|44|30|28|27|1|2|3|4|5|6|7|8|9|10|11|12|13|14|16|17|18|19|20|21|22|23|24|25|26|57|58|50|238|89|76|77|78|79|80|95|93|74|92|59|82|83|91|85|86|90|87|81|73|75|71|60|102|61|101|62|100|63|64|72|65|99|66|67|295|98|97|69|70|96|287|110|228|239|217|216|244|123|160|211|165|157|169|104|173|274|179|136|134|88|29|197|84|126|209|210|280|200|245|263|275|259|300|254|183|184|54|94|141|149|153|222|221|166|205|266|262|240|249|253|273|133|267|281|237|264|68|215|285|236|256|224|252|250|277|302|279|233|15|251|226|297|257|265|282|283|291|290|301|225|203|248|258|289|201|198|296|286|276|146|292|161|284|294|288|261|293|298|329|349|337|336|322|338|319|331|361|312|321|313|357|355|332|363|307|333|320|306|335|324|316|339|353|340|326|327|365|330|304|356|342|311|314|318|308|360|317|341|345|348|359|305|350|315|366|358|309|334|364|303|362|328|310|344|325|346|352|351|354|343|347|323",
            "sfu": "0|1|0|0|1|1|1|1|1|1|1|0|1|1|1|1|1|1|1|1|1|1|1|1|0|0|0|0|0|0|0|0|0|0|0|0|0|0|0|0|0|0|0|0|0|0|0|0|0|0|1|0|1|1|1|1|1|1|1|1|1|1|1|1|1|1|1|1|1|1|1|1|1|1|1|1|1|1|1|1|1|1|1|1|1|1|1|1|1|1|1|1|1|1|1|1|1|1|1|1|1|1|1|1|0|0|0|0|0|0|0|0|0|0|0|0|0|0|0|0|0|0|0|0|0|0|0|0|1|0|0|0|0|0|0|0|0|0|0|0|0|0|0|0|0|0|0|0|0|0|0|0|0|0|0|0|0|0|0|0|0|0|0|1|0|0|0|0|0|0|0|0|0|0|0|0|0|0|0|0|0|0|0|0|0|0|0|0|0|0|0|0|0|0|0|0|0|0|0|1|0|0|0|0|0|1|1|1|1|1|1|1|1|1|1|1|1|1|1|1|1|1|1|1|1|1|1|1|1|1|1|1|1|1|1|1|1|1|1|1|1|1|1|1|1|1|1|1|1|1|1|1|1|1|1|1|1|1|1|1|1|1|1|1|1|1|1|1|1|1|1|1|1|1|1|1|1|1|1|1|1|1|1|1|1|1|1|1|1|1|1|1|1|1|1|1|0|1|1|1|1|1|1|0|0|0|0|1|0|1|1|0|1|1|1|0|0|0|0|1|1|1|1|1|1|1|0|0|0|1|1|0|1|0|0|1|0|0|0|0|0|0|1|1|1|0|0|1|0|0|0|0|0|0|0|0|0|0|0|0|0|0|0|0|0|0|0",
            "lm": [
                0.6153722886269237,
                165.37430610626478
            ]
        },
        "CVCL_0002": {
            "correlation": 0.5943176977702664,
            "pvalue": 1.0476376829372125e-30,
            "rank": "0|139|140|142|144|146|147|148|149|150|151|138|154|157|158|159|160|163|164|165|166|167|169|156|137|136|135|107|108|111|112|113|114|116|117|118|119|120|121|122|123|124|125|126|128|129|130|131|132|133|171|106|172|174|213|215|219|221|222|225|227|228|232|234|212|237|247|248|249|255|258|260|268|275|286|294|245|210|208|206|175|176|177|178|179|180|181|182|183|185|186|187|188|191|192|195|196|197|198|199|203|204|205|173|105|194|103|32|33|34|35|36|37|38|39|40|42|43|44|45|46|47|48|49|50|51|52|53|54|55|56|57|31|58|30|28|1|2|3|4|5|6|8|9|104|11|12|13|14|15|17|18|19|20|21|22|23|24|25|26|27|29|59|10|96|74|75|76|77|78|79|95|94|93|97|80|82|83|84|92|85|91|86|90|87|81|98|88|66|65|102|63|73|67|68|69|70|100|62|99|61|60|72|71|64|284|223|101|252|291|261|235|239|240|7|89|231|161|288|202|189|218|145|134|152|201|207|209|190|127|168|216|155|170|214|251|143|41|162|110|299|115|292|109|153|217|253|220|224|242|229|310|236|244|277|254|259|211|230|274|270|233|246|226|193|243|281|241|257|267|200|300|266|271|290|256|313|289|16|264|238|306|283|141|272|305|308|298|296|276|279|287|269|250|263|297|273|307|304|184|312|280|303|302|293|262|301|282|285|295|309|265|278|311|330|321|372|363|343|342|336|319|358|357|334|380|327|340|382|388|318|328|360|364|356|347|350|341|339|366|381|361|338|320|344|383|323|354|348|329|316|387|365|335|325|332|349|367|322|314|315|326|355|377|374|346|362|351|317|378|375|324|331|353|333|370|337|371|373|345|379|352|368|386|376|384|369|385|359",
            "sfu": "0|0|0|0|0|0|0|0|0|0|1|0|1|1|1|1|1|1|1|1|1|1|1|1|0|0|0|0|0|0|0|0|0|0|0|0|0|0|0|0|0|0|0|0|0|0|0|0|0|0|1|0|1|1|1|1|1|1|1|1|1|1|1|1|1|1|1|1|1|1|1|1|1|1|1|1|1|1|1|1|1|1|1|1|1|1|1|1|1|1|1|1|1|1|1|1|1|1|1|1|1|1|1|1|0|1|0|0|0|0|0|0|0|0|0|0|0|0|0|0|0|0|0|0|0|0|0|0|0|0|0|0|0|0|0|0|0|0|0|0|0|0|0|0|0|0|0|0|0|0|0|0|0|0|0|0|0|0|0|0|0|0|0|0|0|0|0|0|0|0|0|0|0|0|0|0|0|0|0|0|0|0|0|0|0|0|0|0|0|0|0|0|0|0|0|0|0|0|0|0|0|0|0|0|0|1|0|1|1|1|1|1|1|1|1|1|1|1|1|1|1|0|1|1|1|1|1|1|1|1|1|1|1|1|1|1|1|1|1|1|1|1|1|1|1|1|1|1|1|1|1|1|1|1|1|1|1|1|1|1|1|1|1|1|1|1|1|1|1|1|1|1|1|1|1|1|1|1|0|1|1|1|1|0|1|1|1|1|1|1|1|1|1|1|1|1|1|1|1|0|1|1|1|1|1|0|1|1|1|1|1|0|0|1|1|1|0|0|1|1|1|1|0|0|1|0|1|1|0|0|1|1|0|0|0|1|0|1|1|0|0|0|1|0|1|0|0|0|1|0|0|0|0|0|0|0|1|0|0|0|0|0|1|0|0|0|1|0|0|0|0|0|0|0|0|1|0|1|1|0|1|0|0|1|0|0|0|0|0",
            "lm": [
                0.8476109716361304,
                157.73297366593656
            ]
        }
    }
}